time_s,rms,mean_freq,median_freq,band_power
0.18,0.8922114986215778,19.92901041614725,20.661157024793386,0.4201552201861521
0.212,1.197872872668401,20.12405400114924,20.661157024793386,0.7643247656861457
0.232,1.5921534594685667,20.281663076619335,20.661157024793386,1.1697203459820391
0.252,1.7932754226794536,20.130520110594937,20.661157024793386,1.482815414255007
0.261,1.8115283065024295,19.93484413707522,20.661157024793386,1.7395696270959669
0.278,2.0100542903789194,20.0828810280879,20.661157024793386,2.085423715218969
0.296,2.3067542743882985,20.240316626713746,20.661157024793386,2.396664439032059
0.314,2.321695976004609,20.06234149145886,20.661157024793386,2.5203929482384275
0.331,2.247890725594677,19.92306747319741,20.661157024793386,2.716710102015158
0.356,2.5276996823723445,20.149254980945845,20.661157024793386,3.185951202431993
0.365,2.82453434097824,20.265484775064333,20.661157024793386,3.574924770860906
0.379,2.748530253858454,20.07202118908678,20.661157024793386,3.610470311354602
0.395,2.581771268298938,19.967704781885512,20.661157024793386,3.561220800646448
0.411,2.66492445106282,20.187116783671105,20.661157024793386,3.5575291747143085
0.426,2.67936712895465,20.36209968400497,20.661157024793386,3.261054476002443
0.444,2.341549935571094,20.257770535245708,20.661157024793386,2.5380501034400065
0.46,1.8483532970028367,20.041083282970348,20.661157024793386,1.723013199222875
0.477,1.493198142000439,20.050611459318716,20.661157024793386,1.1001767828601958
0.494,1.2313015810521832,20.30468765589169,20.661157024793386,0.6640407093807726
0.527,0.9206764220125929,20.552220005284358,20.661157024793386,0.352923911469721
0.544,0.617510349390684,20.733159433902422,20.661157024793386,0.1669680712771355
0.559,0.4562600943253403,20.7934236605495,20.661157024793386,0.09675974827291
0.575,0.4576900840611748,20.534220995804436,20.661157024793386,0.09670224833751369
0.588,0.4986845655874071,20.209219930982883,20.661157024793386,0.11876722089806735
0.597,0.5149414980360768,20.03280916778877,20.661157024793386,0.13797786739863183
0.612,0.5344437407045386,20.129606877154004,20.661157024793386,0.1481221616196993
0.627,0.5504569485975765,20.324516858839093,20.661157024793386,0.14180838501095963
0.643,0.5024164423438066,20.308206020147622,20.661157024793386,0.11375006880630287
0.658,0.39454568409416546,20.05082635441341,20.661157024793386,0.07670289915323672
0.68,0.3071913784533818,19.93323235278346,20.661157024793386,0.048140548175388057
0.696,0.26317961450078325,20.127488802426313,20.661157024793386,0.03020368265866292
0.712,0.2052847300294808,20.10541996341921,20.661157024793386,0.01774397292585672
0.728,0.14211222890508077,19.82587486201706,20.661157024793386,0.010075801731680685
0.745,0.12023570919034525,19.96784527734481,20.661157024793386,0.006774791507281998
0.762,0.10802654867684525,20.058226468434086,20.661157024793386,0.005075353630183123
0.778,0.08483646625439277,19.84291775576973,20.661157024793386,0.0036737833370792845
0.794,0.0746975936764035,19.95922637416909,20.661157024793386,0.002699105590095468
0.811,0.06729388039533828,20.03698020194356,20.661157024793386,0.0019443972287929315
0.828,0.05324550368470366,19.782713641999575,20.661157024793386,0.0014206606554001385
0.863,0.05202712382894321,19.967666105004646,20.661157024793386,0.0013080862117729357
0.88,0.054155856059700386,20.088378547108476,20.661157024793386,0.0013183497749591037
0.897,0.04753948945111045,19.91685480217108,20.661157024793386,0.0011657890269364227
0.913,0.040277468924067264,19.980679269755317,20.661157024793386,0.0008283895595947315
0.922,0.02998860006972967,20.12918250659266,20.661157024793386,0.00035136119465738387
0.938,0.019234643063158675,18.530090135940767,18.595041322314046,4.147375760303445e-05
0.947,0.03547734939380084,19.85629478095969,20.661157024793386,0.0004860397294167919
0.963,0.06573417510197711,20.099441112051394,20.661157024793386,0.0023967361673305973
0.971,0.11092882776319173,20.309008434217887,20.661157024793386,0.006336303968538402
0.987,0.16071498896886136,20.354369696114023,20.661157024793386,0.01172352372329581
1.018,0.192504921200014,20.17199862925549,20.661157024793386,0.016988632535126728
1.034,0.20512970668970357,20.001306991967486,20.661157024793386,0.0217584203122803
1.049,0.22315611852001313,20.11451875162426,20.661157024793386,0.026581927015650625
1.063,0.24754442670729374,20.343110311472365,20.661157024793386,0.029726028175577984
1.071,0.2478115434693368,20.383898370075006,20.661157024793386,0.028132074024820642
1.087,0.21460167011038161,20.191955306322992,20.661157024793386,0.02213932692183656
1.103,0.17235876161277702,20.00622114853925,20.661157024793386,0.015241245193309607
1.118,0.1419560669398485,20.091255215721652,20.661157024793386,0.00958584032786819
1.134,0.11169667012859649,20.315433256611215,20.661157024793386,0.005143383863292926
1.147,0.07105735125378894,20.384916885944,20.661157024793386,0.0019435515023074027
1.171,0.03125639201900675,20.173048330851792,20.661157024793386,0.00034090061024823833
1.187,0.015131754952751373,19.579487999235727,18.595041322314046,6.795622255356439e-05
1.203,0.0269792327169065,20.161458201757966,20.661157024793386,0.00042348729537585784
1.219,0.03866795964931641,20.402479451530798,20.661157024793386,0.0008448780376440644
1.235,0.04491239911042426,20.618606657775725,20.661157024793386,0.0010506999807879
1.251,0.04621206889363188,20.774286976111764,20.661157024793386,0.0010743664972015575
1.267,0.049481060774604395,20.805654478797244,20.661157024793386,0.0011987985833182928
1.283,0.060360059979130284,20.661394863846127,20.661157024793386,0.0016897552538167855
1.297,0.07527897981409089,20.444559430139453,20.661157024793386,0.0025453462918641847
1.305,0.08725741108496461,20.236367423306493,20.661157024793386,0.00349670469807011
1.337,0.09374522038196945,20.120223314834494,20.661157024793386,0.0042347944743715
1.353,0.09674381332691663,20.16660849116363,20.661157024793386,0.004588405757010016
1.37,0.0983096628817959,20.3468708930749,20.661157024793386,0.004662782749190792
1.386,0.10272446804863368,20.549148073913845,20.661157024793386,0.0051797070167180085
1.403,0.12111918495140248,20.642641858455757,20.661157024793386,0.007729469835708421
1.419,0.16362905075905182,20.647540210195196,20.661157024793386,0.014343241795631893
1.435,0.22786006030428774,20.62281811202443,20.661157024793386,0.026041507624644928
1.452,0.2965701533308225,20.533700843647065,20.661157024793386,0.04103441758033625
1.468,0.3474204802571891,20.358886255316488,20.661157024793386,0.05515216829072195
1.484,0.37189997642692973,20.17299752596234,20.661157024793386,0.06525865859974857
1.517,0.3820706607571681,20.113493510193024,20.661157024793386,0.07135098724817791
1.533,0.393337322598142,20.233243946497108,20.661157024793386,0.07594936591382905
1.55,0.4168623178692862,20.442735853175797,20.661157024793386,0.08637808503649912
1.567,0.48077658061782225,20.600154279510733,20.661157024793386,0.12048056456261658
1.584,0.6286691492472063,20.64530084835182,20.661157024793386,0.20663628852036475
1.601,0.8724983140878264,20.602852257948978,20.661157024793386,0.3684035685549791
1.617,1.155112199876612,20.45896457981194,20.661157024793386,0.5993514529897115
1.634,1.3825500496550613,20.223261997276694,20.661157024793386,0.8684544143897135
1.651,1.5292169945973064,20.05206192273525,20.661157024793386,1.1723904460868635
1.668,1.6942112823355415,20.124583458103263,20.661157024793386,1.530679705497581
1.701,1.9211530467763178,20.34104345627955,20.661157024793386,1.8636561448873954
1.718,2.048060498350447,20.454295045834435,20.661157024793386,1.9674208253698087
1.734,1.9237885506889552,20.352642971300863,20.661157024793386,1.7319665688300037
1.751,1.6090095183487299,20.128310858879722,20.661157024793386,1.2888471455846793
1.768,1.292553532709537,20.026572714652005,20.661157024793386,0.8384060378719103
1.786,1.022874005542785,20.164855966597784,20.661157024793386,0.46120241628880604
1.802,0.6976660984213147,20.37924561098699,20.661157024793386,0.175595897710641
1.819,0.34633159322269497,20.657798378140388,20.661157024793386,0.024031572634332397
1.836,0.31307693803022363,20.151221194662615,20.661157024793386,0.028893247973015988
1.853,0.5655604806139973,20.17005123958288,20.661157024793386,0.16654979984852372
1.886,0.8574428592823187,20.32298187492056,20.661157024793386,0.4106190211162324
1.903,1.1931368474065704,20.483870160214135,20.661157024793386,0.7382016431065911
1.92,1.5266426675590856,20.517462129473078,20.661157024793386,1.099009687584743
1.938,1.7794341217204044,20.372330011731314,20.661157024793386,1.4326283235082378
1.955,1.9170641634070797,20.138357913781796,20.661157024793386,1.7440442844075117
1.971,2.024842708063337,20.051275290319857,20.661157024793386,2.1322698146468366
1.98,2.2506301169035914,20.212645160086506,20.661157024793386,2.6503609339962995
1.997,2.542686919738994,20.40428240840007,20.661157024793386,3.1169231365317724
2.006,2.6557706734410447,20.398156029726515,20.661157024793386,3.229748769970174
2.022,2.481065760203416,20.18019994622663,20.661157024793386,2.9470745990820255
2.047,2.2123879902173025,20.004285467794737,20.661157024793386,2.545097504853021
2.063,2.0912542249877024,20.125299547721276,20.661157024793386,2.201417375100089
2.072,1.9891364263424867,20.34228602842916,20.661157024793386,1.7986732774611527
2.088,1.672321367174274,20.337422535516147,20.661157024793386,1.2495480950291076
2.098,1.2021039782000642,20.096694121585262,20.661157024793386,0.7050275363481708
2.114,0.8191717216543228,19.917717363501364,20.661157024793386,0.32770651332334366
2.13,0.5694051465943951,19.944793069021088,20.661157024793386,0.12199663043320105
2.139,0.35089390769988155,19.4971922334978,18.595041322314046,0.041590292128657017
2.155,0.37503912489315966,19.87339137144019,20.661157024793386,0.060651523823792686
2.165,0.5565168195719898,20.102668766794103,20.661157024793386,0.13482421766105707
2.197,0.6633378864052533,19.99844065237077,20.661157024793386,0.21966485862636578
2.205,0.7516047910334487,20.09278975301712,20.661157024793386,0.30652952213574364
2.221,0.8754577994230444,20.347479374048373,20.661157024793386,0.3912404413371525
2.237,0.9804783223195758,20.48949545160938,20.661157024793386,0.4516760802324109
2.252,1.023970496158119,20.406492395960043,20.661157024793386,0.4774714591335905
2.268,1.020499908407283,20.177571311143577,20.661157024793386,0.49244690011108805
2.284,1.0250648627029693,20.050146814369775,20.661157024793386,0.5392103831852041
2.3,1.1059675782566856,20.183265432513988,20.661157024793386,0.6389392884363464
2.316,1.2469828030664425,20.382856479067502,20.661157024793386,0.7523523967204526
2.331,1.326832601730867,20.393090560316715,20.661157024793386,0.8021343470008048
2.355,1.2708152504593964,20.173454347298456,20.661157024793386,0.7667852343547086
2.371,1.1680822069891865,19.990462288081737,20.661157024793386,0.7141863785332269
2.387,1.1687345698682143,20.123706667047937,20.661157024793386,0.6960187510727439
2.403,1.210445502167169,20.317138715419365,20.661157024793386,0.6680870983801636
2.419,1.132254946038336,20.223718927249333,20.661157024793386,0.5810745661849356
2.435,0.9673420408863787,19.966135510324076,20.661157024793386,0.47937752747642365
2.451,0.9057152910073775,20.019688148424542,20.661157024793386,0.42353365894082257
2.468,0.9235091309846887,20.24308329248516,20.661157024793386,0.38679547588638824
2.484,0.8374659509459779,20.166241500516417,20.661157024793386,0.31947312288296625
2.501,0.6742284494308562,19.937331745863304,20.661157024793386,0.235094041046862
2.534,0.5667619032546333,20.013639391970447,20.661157024793386,0.15879547711052516
2.551,0.452063135976037,20.20736107012104,20.661157024793386,0.08510670638118864
2.567,0.2587004359246749,20.00321858399986,20.661157024793386,0.024039969463634212
2.584,0.15108098619704122,19.184002683492942,18.595041322314046,0.006225448940042929
2.6,0.3095311221282833,20.038236159634618,20.661157024793386,0.05230655205271429
2.617,0.581023066288926,20.257573135597813,20.661157024793386,0.16371676650721145
2.633,0.828827323254761,20.224319095895307,20.661157024793386,0.3058963209913278
2.65,0.9469223562061593,20.01019041639254,20.661157024793386,0.4411024826581153
2.667,1.0330157485563882,20.007860800585693,20.661157024793386,0.5811996980594647
2.684,1.200098609738202,20.24488104729077,20.661157024793386,0.7179301923337512
2.717,1.3000252546242308,20.33015763936546,20.661157024793386,0.7692021019168676
2.733,1.2113233842176758,20.13555108567173,20.661157024793386,0.7006009182678654
2.75,1.055911845810075,19.964979341346837,20.661157024793386,0.5867271596815803
2.766,0.9866911981875693,20.114595605754616,20.661157024793386,0.4799113037131777
2.783,0.8994587844624663,20.291250273683463,20.661157024793386,0.3550792769847763
2.8,0.6884773602745036,20.142947555879264,20.661157024793386,0.21448956559986454
2.817,0.4698597797294609,19.841979649334114,20.661157024793386,0.11104253261421869
2.835,0.38940977346197975,19.924241253590054,20.661157024793386,0.06535251837097199
2.852,0.3596201816658131,19.941554338708986,20.661157024793386,0.0557056948902048
2.87,0.3443727645433153,19.941971690349995,20.661157024793386,0.0636936507455493
2.905,0.3830944576168954,20.2763907918382,20.661157024793386,0.07823652505102581
2.922,0.42819412043344424,20.579950495631685,20.661157024793386,0.09061513954275635
2.931,0.47998007287878364,20.679750570591423,20.661157024793386,0.10811211927602554
2.947,0.5890358210405325,20.54743253573902,20.661157024793386,0.15244548710435626
2.964,0.7444971811745591,20.288313333684343,20.661157024793386,0.24103042293322532
2.973,0.8921741085236163,20.082917165313017,20.661157024793386,0.3815020759116033
2.991,1.04059847705126,20.096317910214925,20.661157024793386,0.5771519654987388
3.01,1.2332216210667235,20.289422823779084,20.661157024793386,0.7947312165671168
3.028,1.3873794573297586,20.438021873867505,20.661157024793386,0.9252075897818551
3.046,1.3557401751946816,20.39081521259816,20.661157024793386,0.8619781642429637
3.08,1.1272762344425198,20.19004498865117,20.661157024793386,0.6282009175054903
3.089,0.8329660178406626,20.042901412233103,20.661157024793386,0.3433907321662523
3.106,0.5517926738987816,20.09796363771942,20.661157024793386,0.11202442684377499
3.122,0.3777179519423963,20.37781196569052,20.661157024793386,0.017514023295103664
3.139,0.589473159185059,20.078913834492877,20.661157024793386,0.12356323792579553
3.148,0.9214551696993466,20.057313489585205,20.661157024793386,0.4388982461999793
3.166,1.29109200925978,20.20102204108506,20.661157024793386,0.9161951017511611
3.184,1.679110117674389,20.362172127503005,20.661157024793386,1.3913268690120135
3.202,1.8540436229326827,20.31997468602194,20.661157024793386,1.5972692847362153
3.222,1.7000160626097678,20.068550055282785,20.661157024793386,1.4448240055263977
3.248,1.4534732449349885,19.926854767815513,20.661157024793386,1.1091563724636049
3.267,1.2892896944808518,20.03691173852994,20.661157024793386,0.7381908599966128
3.286,1.0244712948418568,19.827757321159318,20.661157024793386,0.438575924328942
3.304,0.9712769174419383,19.707916963914595,20.661157024793386,0.4404683584293002
3.323,1.4214621226803223,20.035372719668956,20.661157024793386,0.8498672175460288
3.341,1.795018706075443,19.949798001802243,20.661157024793386,1.5560896391462076
3.36,2.1382494207821905,20.013303704419467,20.661157024793386,2.5243086293568138
3.379,2.6699603357669606,20.265393615644697,20.661157024793386,3.589697893084446
3.398,3.0255087657707063,20.33854866824921,20.661157024793386,4.199431940180166
3.417,2.911343754354074,20.147579844669153,20.661157024793386,4.0540520740060675
3.454,2.5902664574204386,19.982652023893948,20.661157024793386,3.5174346508809453
3.472,2.4247187964515686,20.12249944436341,20.661157024793386,2.9329368576157044
3.491,2.233700173084837,20.333517985094822,20.661157024793386,2.2239718032231024
3.511,1.7669522193941898,20.288501186318832,20.661157024793386,1.3874605893449243
3.53,1.188003104097247,20.008113678553457,20.661157024793386,0.6938119436236782
3.547,0.8136197248506797,19.871691884594355,20.661157024793386,0.30663661250940577
3.557,0.6337218544763441,19.938893952489952,20.661157024793386,0.15266592869411022
3.576,0.5140343970351909,19.812036828885226,20.661157024793386,0.12637901091564877
3.595,0.5532443924119074,20.12012899710904,20.661157024793386,0.1678144538260398
3.614,0.6655447640817945,20.46123021309574,20.661157024793386,0.2196723065851645
3.642,0.7289019141086617,20.57419123042988,20.661157024793386,0.2481314553255304
3.661,0.7869621599723328,20.512393207171886,20.661157024793386,0.2750768074132546
3.681,0.9163561076368134,20.324584696485893,20.661157024793386,0.3577619555498653
3.7,1.1202955574500955,20.13953892689945,20.661157024793386,0.5641115198972498
3.719,1.3845801778534175,20.119909995671318,20.661157024793386,0.9788698360816632
3.738,1.770781843249807,20.273267588775475,20.661157024793386,1.6877762245196353
3.757,2.3015385145617557,20.435728965318564,20.661157024793386,2.654115525679904
3.777,2.801065082544174,20.438257918435422,20.661157024793386,3.6130068075441635
3.796,3.0488295800911107,20.24245410892128,20.661157024793386,4.292736025556518
3.814,3.073658724310339,20.034576858694162,20.661157024793386,4.789534728766076
3.853,3.1913532454216402,20.08972226171785,20.661157024793386,5.397311513345978
3.874,3.4945203933702036,20.313988804119823,20.661157024793386,5.971141098113343
3.894,3.6161070393146244,20.38403859844757,20.661157024793386,5.946525741919808
3.914,3.319325044453443,20.189460438029595,20.661157024793386,5.200025088676097
3.933,2.8792493156403864,19.976685897343344,20.661157024793386,4.324695753516224
3.953,2.737954854590614,20.08754737217448,20.661157024793386,3.7679732185480743
3.973,2.726732440225893,20.278972042871608,20.661157024793386,3.314135801324326
3.992,2.4581484849049615,20.158570728328407,20.661157024793386,2.7358270305711114
4.012,2.0962064797617916,19.934758735724834,20.661157024793386,2.2874616513099415
4.031,2.065443150582238,20.088849316231936,20.661157024793386,2.1771789588451735
4.061,2.1731808939504735,20.312984844287342,20.661157024793386,2.146878481296951
4.082,2.0437158466932135,20.237230911624565,20.661157024793386,1.912759195172284
4.102,1.7511996156467167,20.039689128496587,20.661157024793386,1.544099009630768
4.123,1.538380787328232,20.077903988900434,20.661157024793386,1.2036108852832261
4.143,1.3906991809216134,20.353857072692424,20.661157024793386,0.9103460942762065
4.163,1.2073186607221305,20.640545438860727,20.661157024793386,0.6696234389271235
4.184,1.0907414012531864,20.790387782371987,20.661157024793386,0.5667750585699393
4.204,1.1954855151785624,20.691490151326043,20.661157024793386,0.6706374173894064
4.223,1.4501753349566866,20.444568913941975,20.661157024793386,0.9477005982493604
4.233,1.6659422689284153,20.17441467061691,20.661157024793386,1.2999115698163897
4.27,1.797279284564523,20.0415269049358,20.661157024793386,1.6712133831890958
4.288,1.9593159921468297,20.163083367468502,20.661157024793386,2.0222513736068968
4.306,2.120091000771448,20.36685041226338,20.661157024793386,2.1787267654743916
4.325,2.04653532844995,20.40354831642474,20.661157024793386,1.9304751585654114
4.344,1.6643693444403795,20.216604851291777,20.661157024793386,1.339959311566047
4.362,1.1769810012686805,19.987940987202006,20.661157024793386,0.7007493190812581
4.381,0.7594814696046475,19.883642685143823,20.661157024793386,0.22807519390657605
4.398,0.43544025610214465,18.534789282909493,18.595041322314046,0.027285635768359514
4.407,0.7157525968195573,19.98183864717171,20.661157024793386,0.17418417943496095
4.426,1.2036751748575085,20.022924785970552,20.661157024793386,0.6346122633482565
4.463,1.571554059098644,19.98731609043115,20.661157024793386,1.3205779777276445
4.481,2.0028700575805622,20.173752961564595,20.661157024793386,2.1517946480702395
4.5,2.447010911707448,20.341545832387446,20.661157024793386,2.8412033015958365
4.518,2.558613703440777,20.242391733825798,20.661157024793386,3.021308732193665
4.537,2.3276271598006137,19.989508931720803,20.661157024793386,2.7756696824108924
4.556,2.1852563742489806,19.997441462131043,20.661157024793386,2.487832794055663
4.575,2.212884245512313,20.20038959303938,20.661157024793386,2.212423806410241
4.594,2.0315951512583776,20.102935634681906,20.661157024793386,1.8478318935690186
4.613,1.755463129787826,19.877936497176616,20.661157024793386,1.6165012545196138
4.631,1.8549310998609463,20.080552264172375,20.661157024793386,1.7121043428598266
4.669,2.066203277020852,20.23129329880047,20.661157024793386,1.8998607590204677
4.687,2.013376831855937,20.051851741635684,20.661157024793386,1.9455618094774165
4.706,1.8997290677667722,19.97238537276019,20.661157024793386,1.932594476165251
4.725,1.9445686134573066,20.197289149033814,20.661157024793386,1.8827592308268009
4.744,1.8839187017893757,20.358525048259857,20.661157024793386,1.6085968915224937
4.763,1.5298059644118862,20.236504787813722,20.661157024793386,1.0931584564743042
4.781,1.0624015311720254,19.98491126169479,20.661157024793386,0.569749456618551
4.801,0.7030244043355428,19.874800480955884,20.661157024793386,0.21041434370435722
4.821,0.420901848326914,19.358426748844018,18.595041322314046,0.04659238046465549
4.84,0.44763666488477327,19.796093911572743,20.661157024793386,0.07738747273252676
4.879,0.7489252582414131,20.114542998862568,20.661157024793386,0.24306969803779482
4.898,0.9273563802971712,19.998206634464147,20.661157024793386,0.43022493595069605
4.917,1.015278248212475,20.038613813716907,20.661157024793386,0.5612118422690802
4.936,1.0722087220246872,20.26868445235346,20.661157024793386,0.5760252760227449
4.956,0.9698221587134597,20.4252673525238,20.661157024793386,0.43215481039488207
4.976,0.6608492657475818,20.431012656150084,20.661157024793386,0.19990160950261965
4.996,0.2950858928789194,20.864626370275893,20.661157024793386,0.034339701147793264
5.015,0.3482370157960926,20.761974478377493,20.661157024793386,0.061331206617036144
5.034,0.8293531800651978,20.467079089885228,20.661157024793386,0.33406936502262496
5.054,1.3355444512372032,20.369578639538876,20.661157024793386,0.7929924442511059
5.083,1.6831248921144968,20.167392306715325,20.661157024793386,1.2964083877350223
5.103,1.8707603368503387,20.032947714355764,20.661157024793386,1.7879909457806544
5.123,2.079107118178922,20.15085937430764,20.661157024793386,2.306518423956099
5.142,2.3545463514797094,20.382229936212862,20.661157024793386,2.7735037177482185
5.162,2.5233244960261154,20.485802473609105,20.661157024793386,2.9748316657371574
5.182,2.4735664967144593,20.381316392783937,20.661157024793386,2.8283931511143603
5.201,2.284053179736496,20.166216481672187,20.661157024793386,2.5171526640865296
5.221,2.133418515796681,20.07046114385055,20.661157024793386,2.3026113890838658
5.239,2.1289747801342767,20.216316224525844,20.661157024793386,2.2961170387915693
5.249,2.231602009878706,20.435974047050617,20.661157024793386,2.4248421479361
5.289,2.3390779623492146,20.519951184039613,20.661157024793386,2.5429886564206825
5.309,2.367985748572846,20.39554455475383,20.661157024793386,2.565422388055365
5.329,2.307965725354051,20.14940568176363,20.661157024793386,2.5582559035052452
5.349,2.279661958462433,20.042457456711592,20.661157024793386,2.700136434122259
5.369,2.4383509587606738,20.207170075916356,20.661157024793386,3.0664036816398603
5.389,2.6982308145371388,20.399291262698682,20.661157024793386,3.4503813102219194
5.409,2.7975638992831344,20.37052972814844,20.661157024793386,3.549061012642346
5.429,2.6465596008808427,20.13451953729634,20.661157024793386,3.3668504936106305
5.448,2.4759935146119036,20.001304031974165,20.661157024793386,3.2242536927230896
5.458,2.539654383491977,20.1765396736726,20.661157024793386,3.264231107191517
5.498,2.6477074185830514,20.360946834351182,20.661157024793386,3.2148406393759434
5.518,2.49191834156879,20.273979275897247,20.661157024793386,2.8319398939595297
5.538,2.1308259942725765,20.025374864588084,20.661157024793386,2.2904781435152293
5.558,1.8962714354776264,20.013929685937907,20.661157024793386,1.8673563533321833
5.578,1.8132638056683346,20.24823395568982,20.661157024793386,1.523428110036831
5.598,1.5793287740284783,20.30979557158045,20.661157024793386,1.0990185384311513
5.618,1.1586480015535314,20.08438373104772,20.661157024793386,0.6464813519097473
5.638,0.7883407738419068,19.888281772386637,20.661157024793386,0.30725214999603156
5.659,0.5408450178167172,19.861228351248872,20.661157024793386,0.1089045455390098
5.679,0.3547525933390583,19.23149344829295,18.595041322314046,0.0394434348449176
5.721,0.528175728848404,19.901032903077997,20.661157024793386,0.1069675472767964
5.741,0.7985387885643542,19.95860032588959,20.661157024793386,0.29087832696642685
5.762,1.0271348130317917,19.991713878863266,20.661157024793386,0.5791320785432936
5.782,1.355462424994403,20.22934672386334,20.661157024793386,0.9570165156519681
5.803,1.6697462783788581,20.348277877679106,20.661157024793386,1.291059829293929
5.823,1.747863015236153,20.192720709186627,20.661157024793386,1.4265504580509898
5.845,1.6405952064985467,19.990717383426187,20.661157024793386,1.3979114467800708
5.867,1.5882565892691154,20.07769393738956,20.661157024793386,1.3091094568502615
5.888,1.552245252915432,20.30757898356178,20.661157024793386,1.1166301223912927
5.908,1.3120774889071283,20.330631420612583,20.661157024793386,0.7704788811014037
5.95,0.8991389969411934,20.101051465939303,20.661157024793386,0.3910474545706872
5.971,0.5296487796302127,19.82782729110605,20.661157024793386,0.12707334689633132
5.991,0.3029756032509166,19.095055432718524,18.595041322314046,0.023118060556073065
6.012,0.4207904181236403,19.98524631116695,20.661157024793386,0.07600183255266808
6.033,0.7586129154286463,20.207480912788046,20.661157024793386,0.24796869404559554
6.054,0.9908196144566994,20.05696698277599,20.661157024793386,0.46171295354021447
6.075,1.123260507216891,20.004163779022328,20.661157024793386,0.678009574354527
6.096,1.2950300863233246,20.205308216886024,20.661157024793386,0.8796993044406912
6.117,1.4422949058411145,20.389663696379788,20.661157024793386,0.9827169260430785
6.138,1.4079469636076665,20.33395365076788,20.661157024793386,0.9123914243784653
6.18,1.2147344082327927,20.106610581043785,20.661157024793386,0.7282334165576889
6.201,1.0321191197848878,20.018554359804718,20.661157024793386,0.5478433705285489
6.222,0.9278499744895684,20.221227110570997,20.661157024793386,0.41031802690758423
6.243,0.8141565937344677,20.467528085581975,20.661157024793386,0.29463804453462394
6.264,0.6651446547639025,20.56334760855563,20.661157024793386,0.1978842055040888
6.285,0.5520697329172879,20.50464308247733,20.661157024793386,0.13814037991957057
6.306,0.5336596864601881,20.31205615061168,20.661157024793386,0.12596965919158215
6.328,0.5940380760512866,20.12696017902584,20.661157024793386,0.16447383838073748
6.349,0.7088918329044269,20.142134909371308,20.661157024793386,0.2624991199314105
6.371,0.8968491939168335,20.318827147614915,20.661157024793386,0.42733804833029626
6.413,1.1335068830548842,20.461215144966758,20.661157024793386,0.6292444576311638
6.434,1.3113937515031648,20.426561713106242,20.661157024793386,0.7923752325689007
6.455,1.351974724536339,20.22744281554115,20.661157024793386,0.8611711692388819
6.477,1.300082661003624,20.05826191095162,20.661157024793386,0.8545295897405539
6.499,1.2570134926746284,20.12351028642152,20.661157024793386,0.8101702037401135
6.52,1.2167587991429873,20.35877820825639,20.661157024793386,0.7188840517610583
6.542,1.100977530142429,20.575264690429055,20.661157024793386,0.5662953004719788
6.563,0.9113279220586592,20.715715051634092,20.661157024793386,0.39315926049585664
6.584,0.741516800001354,20.815331360647928,20.661157024793386,0.2690535639381446
6.605,0.6996869551733528,20.813916913140094,20.661157024793386,0.23695128847282726
6.647,0.8135658367567514,20.647831388262034,20.661157024793386,0.3019423729836759
6.669,1.014830629049737,20.421195417312095,20.661157024793386,0.4503053151652733
6.69,1.2274326194689245,20.206666925865825,20.661157024793386,0.6735105052045665
6.712,1.4245921121898422,20.10018894298417,20.661157024793386,0.9897746587474445
6.733,1.6498733840989066,20.180686893130876,20.661157024793386,1.4322335526533712
6.754,1.9470920734034174,20.369692305494205,20.661157024793386,1.9675195755400143
6.777,2.234231569373763,20.496958519545323,20.661157024793386,2.4193541650455814
6.799,2.349341770514564,20.450961260352607,20.661157024793386,2.567555047754891
6.821,2.231112959732757,20.245839956959266,20.661157024793386,2.3773824791665623
6.844,2.0037013386601275,20.05957597034525,20.661157024793386,2.0339220578701167
6.888,1.8370473869587916,20.10722206316925,20.661157024793386,1.7027783644409098
6.91,1.712998397955345,20.330013181505876,20.661157024793386,1.3769663407199073
6.932,1.4970107637767465,20.48389095792277,20.661157024793386,1.001212271290593
6.955,1.1613343805361682,20.443344824609962,20.661157024793386,0.6151996698427658
6.977,0.7987377125237307,20.24911014633161,20.661157024793386,0.3098824480621828
6.999,0.5093561681675944,20.06124997977578,20.661157024793386,0.12377870107800219
7.021,0.30450783268511056,20.01459122652803,20.661157024793386,0.03358057283929015
7.043,0.14746507808430792,19.826194394459883,20.661157024793386,0.002847061019776034
7.065,0.09172728644906009,20.02493721479052,20.661157024793386,0.0024535928357354536
7.087,0.1166121206041723,19.907679631392543,20.661157024793386,0.007830262299924258
7.131,0.13866403524428209,19.539148311587976,18.595041322314046,0.00759110513260163
7.153,0.21668929104576026,19.6725467704482,20.661157024793386,0.020215781552462717
7.175,0.4679808153783131,20.130481907409433,20.661157024793386,0.1114641266089663
7.197,0.9269668086470682,20.291154528817234,20.661157024793386,0.3717604653804757
7.219,1.4151565671652502,20.165256846748438,20.661157024793386,0.846762829779935
7.242,1.7925774573382514,19.99198907058444,20.661157024793386,1.5897160904132097
7.264,2.2400845676616044,20.085651408935423,20.661157024793386,2.7537083434906267
7.287,2.9293334607462183,20.31061229300464,20.661157024793386,4.285409133477618
7.309,3.517240348675146,20.34515867184934,20.661157024793386,5.625506874124369
7.332,3.658206415490797,20.137344759602716,20.661157024793386,6.330291277851324
7.377,3.5730148391873255,19.989253602597465,20.661157024793386,6.731486615184986
7.4,3.7300552032212098,20.152501654612113,20.661157024793386,7.1905128705595445
7.422,3.9409156170753032,20.363562710168875,20.661157024793386,7.237655363692149
7.445,3.734789402601653,20.329719946742998,20.661157024793386,6.348476027587628
7.467,3.161713328822333,20.101672620827987,20.661157024793386,4.91568615676103
7.49,2.667573623350202,20.010763526680655,20.661157024793386,3.6687435766635357
7.512,2.4077364139071182,20.21259765067693,20.661157024793386,2.7563035964181806
7.535,2.1007025008133056,20.425077328976403,20.661157024793386,1.941533483049173
7.558,1.6226092794348554,20.430628087878397,20.661157024793386,1.1764346150485236
7.58,1.119047990869126,20.27382370257161,20.661157024793386,0.5982115646252941
7.625,0.7445812032901998,20.13443154072814,20.661157024793386,0.26225599811426975
7.647,0.5063975854575886,20.156190473662562,20.661157024793386,0.10491867722945432
7.671,0.3528500842541914,20.303960214419966,20.661157024793386,0.0452282486123907
7.694,0.2756333664124776,20.384609700274794,20.661157024793386,0.030163271981386606
7.717,0.257038163501074,20.401582315997068,20.661157024793386,0.030029942263969867
7.74,0.26015123430828174,20.48529761067796,20.661157024793386,0.032527478179233
7.763,0.2782156505727707,20.59510219183196,20.661157024793386,0.03894773603313105
7.786,0.3307762293653659,20.639977781124404,20.661157024793386,0.05739596477387088
7.809,0.4304182646247273,20.61564592574733,20.661157024793386,0.09345546383018136
7.833,0.5517077883420959,20.50567073978169,20.661157024793386,0.14154091257233414
7.879,0.6391864904812368,20.26494148715615,20.661157024793386,0.1878259877924631
7.902,0.6737846668978938,20.018548298972835,20.661157024793386,0.23116885574398896
7.925,0.7369668092184672,20.05597157536468,20.661157024793386,0.28998392518041066
7.948,0.882465557639825,20.256856785959286,20.661157024793386,0.3670678547489136
7.972,0.9982722254703145,20.211724314398037,20.661157024793386,0.4396716670500309
7.995,1.028591296977227,19.97796788640536,20.661157024793386,0.5263341510715225
8.018,1.1339390704739976,20.043126294553947,20.661157024793386,0.6984283856995503
8.042,1.3959724433821898,20.305666182582627,20.661157024793386,0.95536472949107
8.065,1.6169876492840292,20.357169808728845,20.661157024793386,1.1804606055092202
8.089,1.6711083599307612,20.1719513333664,20.661157024793386,1.3036689127106997
8.136,1.6582367076970503,20.036023748073188,20.661157024793386,1.4065641223730063
8.16,1.74389865309635,20.171247739767253,20.661157024793386,1.5937229418806562
8.184,1.930032410109976,20.408523373609302,20.661157024793386,1.845223481810409
8.207,2.095112138809623,20.500360599282207,20.661157024793386,2.0443732052860684
8.231,2.143583478559236,20.37235609403458,20.661157024793386,2.1099933152965016
8.254,2.0730766062981347,20.12886323118679,20.661157024793386,2.090997603543855
8.277,2.011900284315371,20.03690859125682,20.661157024793386,2.1155619022326437
8.301,2.0841091858118013,20.206549497350103,20.661157024793386,2.1952726382559775
8.324,2.1550297842785078,20.374508044044585,20.661157024793386,2.1433792858582317
8.345,1.999492801363931,20.286324946416094,20.661157024793386,1.8244043264894905
8.388,1.6592266921936045,20.008154080598235,20.661157024793386,1.3920075766214128
8.409,1.448449753818525,19.964175987456436,20.661157024793386,1.0782510130165883
8.431,1.4156701785555885,20.15693355843163,20.661157024793386,0.8872885835366835
8.452,1.2795870030352907,20.03752883498299,20.661157024793386,0.7357365844201552
8.473,1.1340053239850272,19.859400330959478,20.661157024793386,0.6827741547155904
8.495,1.2570624893354367,20.097258963468633,20.661157024793386,0.7616943363637521
8.516,1.3766347367270624,20.14513728630147,20.661157024793386,0.8458287517106694
8.538,1.3150889735451596,19.92233312777771,20.661157024793386,0.8850730148864205
8.559,1.3533552067637555,19.995775925057455,20.661157024793386,0.9620222333053914
8.581,1.5161990667179273,20.1959732412713,20.661157024793386,1.041148175637903
8.623,1.4945085654948216,20.04712996871115,20.661157024793386,1.0379498541539898
8.645,1.4047236339429525,19.894060602109803,20.661157024793386,1.0586852018710275
8.667,1.5631630798956868,20.120833873470936,20.661157024793386,1.1934783041112063
8.688,1.7151219082158131,20.197396961423166,20.661157024793386,1.3078507984364478
8.71,1.6401209963799928,19.980967914570286,20.661157024793386,1.3330189987265912
8.731,1.6061764089959545,19.984885919530658,20.661157024793386,1.3861912622688952
8.753,1.7368030769371512,20.239077142851578,20.661157024793386,1.4418387430190096
8.774,1.712558816142157,20.273582312492135,20.661157024793386,1.3223827486421564
8.796,1.4499030751957676,20.04379497892936,20.661157024793386,1.0393007372927983
8.817,1.2068621628931662,19.957679819481122,20.661157024793386,0.7573721314047962
8.86,1.074653836930006,20.155269052362144,20.661157024793386,0.5220281854419888
8.882,0.8527471039169181,20.15405792924387,20.661157024793386,0.3054149811522919
8.904,0.578077151419,19.751283248574055,20.661157024793386,0.15829971750530708
8.926,0.5716495253560164,19.830668049602906,20.661157024793386,0.13688360829995314
8.948,0.7335888944133472,19.931480938862794,20.661157024793386,0.23262633376763073
8.97,0.9214381622872736,19.979704364634287,20.661157024793386,0.4576273843288143
8.992,1.2710138169908065,20.246719783735887,20.661157024793386,0.8618566930580981
9.014,1.7366916046354275,20.407751011757895,20.661157024793386,1.415173946393705
9.036,2.1176151249501753,20.30889189010986,20.661157024793386,1.9965193534883467
9.058,2.3263327543395014,20.083412488646577,20.661157024793386,2.592032771474472
9.102,2.52656659514689,20.045592322638733,20.661157024793386,3.3950422976034966
9.124,2.9409105035552106,20.2521778927499,20.661157024793386,4.497786271187938
9.146,3.4219573480990606,20.41499709272829,20.661157024793386,5.533193421761515
9.168,3.6185360409406218,20.339865214019113,20.661157024793386,5.977115290041385
9.19,3.4603100310113346,20.10327184421108,20.661157024793386,5.850019131226102
9.212,3.279968037226825,20.02023704769251,20.661157024793386,5.659932345169267
9.233,3.330644188135569,20.216948200588966,20.661157024793386,5.554840055513131
9.256,3.330003372725889,20.401214121982672,20.661157024793386,5.095899444156848
9.278,2.9679336652342547,20.344213018224888,20.661157024793386,4.035154220557756
9.3,2.3525534697503927,20.11042465841954,20.661157024793386,2.741984595954489
9.345,1.8173766576902988,19.994731685898973,20.661157024793386,1.662018460893027
9.367,1.415063370370558,20.14336242385424,20.661157024793386,0.8661645422845213
9.39,0.9263880073030203,20.2840667277256,20.661157024793386,0.3001254483173329
9.413,0.4280012624572663,19.662975045146535,18.595041322314046,0.029177593813160558
9.435,0.5139038104910946,19.874705310090867,20.661157024793386,0.10498546520809592
9.458,0.9323043333497824,20.1179093922203,20.661157024793386,0.49083535504137293
9.479,1.4449274766903668,20.31368714770615,20.661157024793386,1.0823261002507427
9.501,1.8771056939026605,20.352754432520243,20.661157024793386,1.6334325463671444
9.524,2.0001293145203514,20.157525795831,20.661157024793386,1.9003974543345525
9.546,1.9044828469012596,19.976138310349366,20.661157024793386,1.9130829166716343
9.592,1.874261614400682,20.09475794282854,20.661157024793386,1.7941725259498835
9.614,1.8126998532211351,20.283118354586957,20.661157024793386,1.483687312334224
9.637,1.4740936485476517,20.16943049889903,20.661157024793386,0.9825906417970484
9.66,1.0298110682775206,19.835519350809385,20.661157024793386,0.5331822250481784
9.684,0.8522441117498126,19.81977839780868,20.661157024793386,0.3117434260364259
9.707,0.8245767487682722,19.78826892986547,20.661157024793386,0.30228105472077516
9.73,0.932861017176512,19.932169680634335,20.661157024793386,0.4751823798312611
9.753,1.2418403276129721,20.2459123447625,20.661157024793386,0.7461990211131226
9.775,1.4192725368728858,20.246095578852792,20.661157024793386,0.9244946555792694
9.798,1.3573824765888391,20.05054743685654,20.661157024793386,0.9205733794216329
9.843,1.235113455985529,20.03071710501961,20.661157024793386,0.7967939855770635
9.867,1.122319993156816,20.273348074366286,20.661157024793386,0.6020601396991093
9.89,0.9194340725046118,20.592904862451775,20.661157024793386,0.37393283059010635
9.911,0.696377688546703,20.946739130286694,20.661157024793386,0.22247252030370293
9.934,0.7444717757877439,20.88357359086519,20.661157024793386,0.27181486199986904
9.957,1.1093022108972839,20.562202793127955,20.661157024793386,0.5603424867094721
9.981,1.506046239844508,20.282683289201128,20.661157024793386,1.0092411256530915
10.004,1.7560511633465035,20.038981632641644,20.661157024793386,1.5255880371366008
10.027,1.9785689001246283,20.04505469578754,20.661157024793386,2.121311519016911
10.05,2.3384592818464687,20.256682696860146,20.661157024793386,2.7285183009752787
10.096,2.5891082573324544,20.321199025408855,20.661157024793386,3.042868299975896
10.119,2.4844923270558503,20.106287590693544,20.661157024793386,2.9429062454112476
10.142,2.2784072660352477,19.9486973246082,20.661157024793386,2.7641227448955386
10.165,2.3463646814069548,20.141318654923236,20.661157024793386,2.733661278074326
10.188,2.423918873891335,20.28625185742422,20.661157024793386,2.6210135524592255
10.211,2.2074826383379786,20.110700128746327,20.661157024793386,2.287283302812157
10.234,1.933677882583005,19.953007701954554,20.661157024793386,1.9742565728702348
10.257,1.9083386748935713,20.150110006528394,20.661157024793386,1.8191398835777022
10.281,1.9118899991151157,20.34906112609661,20.661157024793386,1.645297731512763
10.304,1.717312535361066,20.254268120986016,20.661157024793386,1.3456993538472477
10.35,1.447737658621421,20.03547941063025,20.661157024793386,1.053952989931621
10.373,1.3245664398603103,20.07146195470233,20.661157024793386,0.904622375222876
10.396,1.3582580665075723,20.316295228049942,20.661157024793386,0.8771682517030668
10.42,1.4077956480977702,20.388769249597377,20.661157024793386,0.8815025610253305
10.443,1.390519295790659,20.17456675926661,20.661157024793386,0.8909582036202985
10.466,1.3748664671249096,19.982283561825618,20.661157024793386,0.9883569772527246
10.489,1.5537948371921046,20.13658205557039,20.661157024793386,1.2652264332709866
10.513,1.8862617017911427,20.32765379958957,20.661157024793386,1.6512579716539673
10.536,2.089750312166462,20.23543639624465,20.661157024793386,1.9666297153011678
10.559,2.095144090866984,20.00973780762553,20.661157024793386,2.207107714194156
10.606,2.1697872265051408,20.04942669775308,20.661157024793386,2.5275898252814537
10.629,2.4082938963590435,20.294414054660745,20.661157024793386,2.844287570699698
10.652,2.488990593932402,20.37597704555987,20.661157024793386,2.825562942091294
10.676,2.244765899177025,20.20205133892737,20.661157024793386,2.3910420351469375
10.699,1.8824623064587351,20.013150909713012,20.661157024793386,1.820788612419777
10.723,1.638492130035243,20.099161463252983,20.661157024793386,1.3276117559248113
10.746,1.4188438396969236,20.34657671047489,20.661157024793386,0.8926346753222293
10.769,1.076018198294617,20.478559517453906,20.661157024793386,0.4948648047762249
10.792,0.6690545012412857,20.45859291478894,20.661157024793386,0.2009878148996198
10.816,0.3300362261168563,20.52644758999495,20.661157024793386,0.04951487050252432
10.863,0.1500181068784252,21.593992401224092,20.661157024793386,0.008996999957856248
10.887,0.23653054855545838,20.808284232778348,20.661157024793386,0.029381851422439088
10.911,0.38255164808411696,20.59207591756661,20.661157024793386,0.07137230585640689
10.934,0.4848121251370086,20.460996793072276,20.661157024793386,0.10884774970155486
10.958,0.539317301664666,20.302715264009457,20.661157024793386,0.13286538743942902
10.982,0.5747409709396407,20.177041957203667,20.661157024793386,0.15152941390376248
11.006,0.6229850906990696,20.158690901829505,20.661157024793386,0.18319347109291684
11.03,0.7087829039446145,20.25943914756584,20.661157024793386,0.2525112654343289
11.053,0.8593658870109385,20.414309535946188,20.661157024793386,0.3889715153504486
11.077,1.097093814324397,20.53144673226909,20.661157024793386,0.6141099057598454
11.124,1.3939452157257999,20.528800843324216,20.661157024793386,0.9135374409296537
11.148,1.6564504308347578,20.362423700851068,20.661157024793386,1.235530334094591
11.171,1.8122315789695929,20.115818032300687,20.661157024793386,1.566009463747973
11.195,1.9420996861284585,20.041156837295414,20.661157024793386,1.9885471343290426
11.219,2.2091022238647486,20.22333984954779,20.661157024793386,2.544904349901121
11.242,2.526385824301636,20.398646600861714,20.661157024793386,3.0289413574149657
11.266,2.619872631347675,20.342811416569322,20.661157024793386,3.1392537511820615
11.29,2.4236261619704633,20.10391611230354,20.661157024793386,2.8815121317145307
11.314,2.1936462224768016,20.00037236264547,20.661157024793386,2.5292041515155157
11.338,2.102458500302923,20.187460096313856,20.661157024793386,2.1619445843332956
11.385,1.9090708013238742,20.363344661995157,20.661157024793386,1.6244950551302741
11.409,1.4391687673479991,20.28256187460784,20.661157024793386,0.9410129788566299
11.433,0.8664617929278587,20.01282384914529,20.661157024793386,0.3630825175981373
11.457,0.43697583548820246,19.504573507274642,18.595041322314046,0.06120747225756185
11.481,0.43949453703540636,19.844833656006692,20.661157024793386,0.07474409346070729
11.506,0.953672955930011,20.25719559068409,20.661157024793386,0.39393782346571893
11.53,1.4509863950864363,20.168127640640726,20.661157024793386,0.9170401035433259
11.554,1.7647353096704061,20.01269954089306,20.661157024793386,1.5492715970471553
11.578,2.0691052246512123,20.097687338255547,20.661157024793386,2.328810423347056
11.603,2.5087673359073506,20.337436012140984,20.661157024793386,3.212044754575475
11.651,2.8895008600525074,20.450252214950982,20.661157024793386,3.8979946653561925
11.676,3.003569746467133,20.33531409887166,20.661157024793386,4.140590174776136
11.7,2.900525734991972,20.11861682897073,20.661157024793386,4.091207249170968
11.724,2.8209450109773995,20.064980191052335,20.661157024793386,4.108099869913792
11.749,2.9082530816796917,20.251236885581324,20.661157024793386,4.303991080512086
11.773,3.0366917744427524,20.46070781389078,20.661157024793386,4.432386603239186
11.798,3.008500245145534,20.508059445269097,20.661157024793386,4.198656140813354
11.823,2.761484278543764,20.36691665186208,20.661157024793386,3.5840394689977426
11.848,2.396797625485062,20.150645982174932,20.661157024793386,2.829484916347957
11.873,2.0729745259008467,20.067318216364992,20.661157024793386,2.1523376780805177
11.922,1.8192444334740823,20.20784757255696,20.661157024793386,1.5680149696741397
11.946,1.5147747441564692,20.44338015415239,20.661157024793386,1.0101427560707226
11.971,1.1032585530003527,20.682652708480216,20.661157024793386,0.5201013443870198
11.997,0.7143455782715997,21.04707097840772,20.661157024793386,0.22918357222204672
12.022,0.6367073506948485,21.04791979276922,20.661157024793386,0.21571950333815404
12.047,0.9130307630817264,20.711858384425,20.661157024793386,0.4381012964635887
12.072,1.2379311414640826,20.551228986973054,20.661157024793386,0.7436758113924038
12.096,1.4081903327027963,20.371749583444988,20.661157024793386,0.9402263534385356
12.121,1.3745333918593277,20.164405849015655,20.661157024793386,0.9310236063559548
12.146,1.2288568310129317,20.074024310797697,20.661157024793386,0.7559675605637508
12.195,1.0473250035401689,20.192395917384466,20.661157024793386,0.505437077457935
12.22,0.8365010992958635,20.473604463884474,20.661157024793386,0.28391778867901335
12.245,0.7162040687015535,20.697540331291947,20.661157024793386,0.21773201777092824
12.27,0.8743945238639944,20.567101691692326,20.661157024793386,0.4031095603336294
12.295,1.2575895105274668,20.519994334523012,20.661157024793386,0.8390876620919319
12.32,1.68872854501666,20.499680295867407,20.661157024793386,1.3787358040085491
12.345,1.95715444878569,20.354887923232855,20.661157024793386,1.77612162046149
12.37,1.9672013211321657,20.111055089937203,20.661157024793386,1.9047818463986501
12.395,1.8733792236845366,20.014659664762053,20.661157024793386,1.8481945011671719
12.42,1.8328147214565274,20.188202388107907,20.661157024793386,1.6653088029701149
12.47,1.6938718002970488,20.373468019971355,20.661157024793386,1.2918489966814166
12.494,1.3109392368812274,20.33369978920949,20.661157024793386,0.7745525836708117
12.519,0.8144049330871295,20.121359402704122,20.661157024793386,0.3189770567439112
12.544,0.4084764591298166,19.935537293971997,20.661157024793386,0.06225947523071363
12.569,0.26850162494750746,19.973305184300944,20.661157024793386,0.010575814132059946
12.594,0.5553445796505772,20.151832226601876,20.661157024793386,0.11976698954387552
12.619,0.8238160366214071,19.994631593922666,20.661157024793386,0.32414597885154184
12.644,1.0306332382202004,20.000273787649313,20.661157024793386,0.5852520873454243
12.669,1.3122880922970779,20.216004312261134,20.661157024793386,0.8687216255222479
12.694,1.528831672644836,20.273329057437383,20.661157024793386,1.060099139834414
12.744,1.5082886286388275,20.044684317027237,20.661157024793386,1.1026298357413225
12.769,1.4446115239912343,19.938539064570925,20.661157024793386,1.1223324804692296
12.794,1.574990526033784,20.15786101537096,20.661157024793386,1.1933355056794515
12.819,1.6594027225255144,20.201006076380736,20.661157024793386,1.2173378656638802
12.845,1.5559422969364967,19.968432564925067,20.661157024793386,1.2015201987542445
12.87,1.55921852870265,20.001529172771168,20.661157024793386,1.3051135194223955
12.894,1.7803922480701773,20.272429157937335,20.661157024793386,1.5128482854644552
12.92,1.9025875386043212,20.305970696606458,20.661157024793386,1.6249174708133887
12.945,1.8209389741460198,20.108336273741052,20.661157024793386,1.591899840348203
12.97,1.7289805547793429,20.034292477734148,20.661157024793386,1.5570485553568114
13.02,1.768420835439488,20.23761738654067,20.661157024793386,1.5991234395532692
13.046,1.8509159743029016,20.474290235222096,20.661157024793386,1.6505207252108538
13.071,1.8745884793012544,20.54144779255939,20.661157024793386,1.632741466922331
13.096,1.826606646273113,20.41522003250138,20.661157024793386,1.5453298060026923
13.122,1.7348159465341286,20.193857100544164,20.661157024793386,1.4427476437268323
13.147,1.6520596983063427,20.074280709180712,20.661157024793386,1.3763973534796887
13.173,1.6234630033015085,20.180347974197584,20.661157024793386,1.3350639728572085
13.198,1.597559391963092,20.39841439742568,20.661157024793386,1.2328750164437392
13.223,1.4655026813366614,20.55408489433958,20.661157024793386,1.0006005352809055
13.249,1.20804764356559,20.60152555460482,20.661157024793386,0.6849138237448305
13.299,0.9318900459584758,20.609887741428413,20.661157024793386,0.4126793161741564
13.325,0.7887619352508186,20.588658297395533,20.661157024793386,0.27992789682084285
13.352,0.8408686890035979,20.38821730541456,20.661157024793386,0.30411559682152767
13.378,0.9832538230953701,20.154441066873403,20.661157024793386,0.4462420504943246
13.403,1.1251865487748924,20.089534769158394,20.661157024793386,0.6537519082887565
13.43,1.2849102849917222,20.225751089874727,20.661157024793386,0.8684906230296705
13.456,1.425397373841895,20.399412794973244,20.661157024793386,0.9886855744943964
13.482,1.4033657115721525,20.40808730551679,20.661157024793386,0.9127246166251538
13.508,1.1726313807508553,20.20787330699128,20.661157024793386,0.6670296651475229
13.534,0.8709974423784204,19.990287010667778,20.661157024793386,0.38682155154367903
13.586,0.6206674794447384,19.985035189659467,20.661157024793386,0.16682760695408633
13.612,0.370315580878647,19.82424436509213,20.661157024793386,0.03639883289241432
13.638,0.2632826926967889,19.045491544590508,18.595041322314046,0.013852697901478556
13.665,0.4646557263448642,19.945748885029037,20.661157024793386,0.08956484485131035
13.69,0.6546714696831288,19.98692023053325,20.661157024793386,0.22807012107632324
13.716,0.8583286943381746,20.18548348754911,20.661157024793386,0.40104210030790355
13.742,1.0746308821677004,20.379914548645278,20.661157024793386,0.5591995579395234
13.768,1.1798361448877648,20.344426162025414,20.661157024793386,0.6361481705630468
13.794,1.1412132681909817,20.118667435601576,20.661157024793386,0.6308071544296492
13.82,1.0793333265225262,20.01243832706537,20.661157024793386,0.6121470448390542
13.873,1.1055389709326953,20.192263129345235,20.661157024793386,0.615390401542145
13.899,1.1435051005640233,20.362230530000367,20.661157024793386,0.5975808058601059
13.926,1.0690942970314181,20.244729119581404,20.661157024793386,0.5215693300510054
13.952,0.9168470300737981,19.958833639682084,20.661157024793386,0.43245706923420246
13.978,0.8868381848170168,19.983658022164448,20.661157024793386,0.3988046703093568
14.005,0.9854834632666354,20.137019035375516,20.661157024793386,0.42093302922357456
14.031,1.025660415637591,19.950907565381787,20.661157024793386,0.49370733747823853
14.058,1.13368224656411,19.950098976885048,20.661157024793386,0.7006459763905027
14.084,1.4898781620521613,20.22259320516156,20.661157024793386,1.0760099991316332
14.111,1.8124881320488846,20.242566821554522,20.661157024793386,1.46841875248817
14.163,1.8937201263863421,20.028589858021263,20.661157024793386,1.7602224244481046
14.19,1.9352554660068506,20.00469793995184,20.661157024793386,2.022289622379398
14.216,2.108499906551224,20.23960461171677,20.661157024793386,2.2167554655221076
14.243,2.1407366505269128,20.36255960120924,20.661157024793386,2.0945587548606923
14.269,1.842939342884166,20.212142725740904,20.661157024793386,1.6060593650116435
14.296,1.4104363548176375,19.993283198260293,20.661157024793386,1.0183430139710743
14.323,1.0792859522059803,20.023061598383283,20.661157024793386,0.5439271753844034
14.35,0.7602089882713583,20.1954554726395,20.661157024793386,0.21332224872696312
14.377,0.3836392592592915,19.932860276592965,20.661157024793386,0.037126497690742194
14.403,0.24357248254193598,19.330566490795594,18.595041322314046,0.016179391653094295
14.456,0.41103882255027874,19.96126999815575,20.661157024793386,0.09286650443067024
14.483,0.5962790900888514,20.176051346872967,20.661157024793386,0.19295826068924873
14.51,0.7210952862519762,20.29335643162887,20.661157024793386,0.2472370102777884
14.536,0.679987831395994,20.101847485404463,20.661157024793386,0.22262169585493524
14.563,0.558152526898323,19.819191759233426,20.661157024793386,0.16233142027060063
14.59,0.5433075288846883,19.872906055267677,20.661157024793386,0.12682004395214572
14.616,0.5699615013653336,19.78894934211559,20.661157024793386,0.14970721932625036
14.643,0.7054317586018197,19.95580836720822,20.661157024793386,0.2684719352650905
14.67,1.0005181747627585,20.232189530304588,20.661157024793386,0.4690019191166797
14.696,1.1930277090252897,20.16502098020759,20.661157024793386,0.6506412549125802
14.749,1.21015288201445,19.97514942304105,20.661157024793386,0.7578212393582815
14.775,1.2311037443373356,20.061176664753283,20.661157024793386,0.8057706204963546
14.801,1.2586666507656474,20.30365234001114,20.661157024793386,0.7522006791678599
14.829,1.104517661182314,20.3625575098849,20.661157024793386,0.5525380549555282
14.856,0.7783193329946486,20.21968712517696,20.661157024793386,0.2896988924525009
14.882,0.45106534598909565,20.14280309321802,20.661157024793386,0.09022764853389849
14.909,0.27958176538507507,20.710920182553433,20.661157024793386,0.014016850478692713
14.936,0.444124231534523,20.18125741847779,20.661157024793386,0.0671924638063566
14.962,0.6892985459711592,20.005320793153434,20.661157024793386,0.23030787252354407
14.989,0.9403282885057055,20.078085283967173,20.661157024793386,0.4881078049552292
15.043,1.2745281982933951,20.2745864733147,20.661157024793386,0.8061744605459472
15.071,1.5460467034930765,20.274736425328598,20.661157024793386,1.0765508835397486
15.098,1.6045027927363746,20.032853664599514,20.661157024793386,1.251816028186029
15.125,1.6474465970471228,19.96904652642868,20.661157024793386,1.4683075244438446
15.153,1.9196562232147307,20.20066441106438,20.661157024793386,1.7997997238039196
15.18,2.1664596072142377,20.253318369322855,20.661157024793386,2.084295982024317
15.207,2.1692225189134553,20.026706526757295,20.661157024793386,2.2757867635034517
15.234,2.211024118178956,19.98448823266666,20.661157024793386,2.642097103734539
15.262,2.577517775754102,20.23266268331528,20.661157024793386,3.2848268025981646
15.289,2.9346258106233867,20.318175337455248,20.661157024793386,3.8623770726295965
15.345,2.97545334377849,20.11998192086452,20.661157024793386,4.161458271738631
15.372,2.9204255898847267,19.98767610778672,20.661157024793386,4.508260184653148
15.4,3.15853825324059,20.174512587134423,20.661157024793386,5.1666014577795325
15.428,3.506546268120537,20.37356683468586,20.661157024793386,5.737831504350444
15.477,3.5360876298853214,20.31015594228489,20.661157024793386,5.690690908727642
15.507,3.2352600063942725,20.074385007051838,20.661157024793386,5.172139985810575
15.535,2.996693782273958,20.02089010065076,20.661157024793386,4.721736134618253
15.563,3.0012884927709544,20.24046512866801,20.661157024793386,4.409664243236089
15.591,2.9200962768814316,20.398036911850923,20.661157024793386,3.8526525072037137
15.619,2.5337045623954153,20.29183027595621,20.661157024793386,2.9515886974924004
15.675,2.024948109937397,20.054375399606585,20.661157024793386,2.057411987757389
15.702,1.694709219669534,20.03513587287237,20.661157024793386,1.4517736533963046
15.731,1.5409415219061162,20.27190542197137,20.661157024793386,1.0861003442081838
15.759,1.3732982900229143,20.391297445290146,20.661157024793386,0.8170427937128593
15.787,1.1613793297940795,20.207782158468977,20.661157024793386,0.6166400863705841
15.815,1.0225385508928269,19.98679048696841,20.661157024793386,0.5399160218030455
15.844,1.099181545830359,20.126578345390364,20.661157024793386,0.6238170414562089
15.872,1.3495941362679404,20.31299902654019,20.661157024793386,0.8297395538201904
15.9,1.5585538681854778,20.194362644067485,20.661157024793386,1.079920271120414
15.929,1.6578100939752982,19.976830498204553,20.661157024793386,1.3994833182045066
15.984,1.8814266686653287,20.06955264919065,20.661157024793386,1.9093702252764868
16.013,2.298376946111373,20.29194881351687,20.661157024793386,2.5270897481578523
16.041,2.5514043249021214,20.26000957134694,20.661157024793386,2.93467714775343
16.069,2.4905573278116107,20.017921070744556,20.661157024793386,3.083329819606582
16.097,2.4761747291837626,19.99963506964685,20.661157024793386,3.289901638124116
16.125,2.727082879368225,20.23762091726113,20.661157024793386,3.587796017772926
16.154,2.840555192269765,20.286439550560267,20.661157024793386,3.6093340866187704
16.182,2.6135666881464688,20.05977275951604,20.661157024793386,3.3119391267953495
16.211,2.4099600789563453,19.974570757394385,20.661157024793386,3.0950785291280143
16.239,2.5009031207525085,20.208327968411595,20.661157024793386,3.0640888980033716
16.295,2.535076126926997,20.338938084097475,20.661157024793386,2.8834674522105916
16.323,2.273345641352637,20.174983481370287,20.661157024793386,2.422311915823373
16.352,1.9346436525119597,19.993064450353987,20.661157024793386,1.936258991267481
16.38,1.7795733504463103,20.124962148942167,20.661157024793386,1.5948181567604358
16.409,1.6823843445928994,20.38616627472043,20.661157024793386,1.2994289491479853
16.437,1.4642353063047286,20.479515485890936,20.661157024793386,0.962346445808982
16.466,1.1804604500207667,20.385488964526825,20.661157024793386,0.6469555797437528
16.495,0.9699437273143822,20.228932942628557,20.661157024793386,0.44193672974965853
16.523,0.8880978466534234,20.14542827121989,20.661157024793386,0.3711484443485342
16.551,0.9167379267525034,20.20816544509048,20.661157024793386,0.41918358095811925
16.606,1.0421049089794099,20.366926410958225,20.661157024793386,0.5605032429755933
16.633,1.2323236106151172,20.49371773936649,20.661157024793386,0.74710172692822
16.661,1.3968592351566662,20.471762533529542,20.661157024793386,0.9033905650874174
16.688,1.4518569325679698,20.27617732476294,20.661157024793386,0.9797727048032546
16.716,1.4180808500646136,20.063695082479125,20.661157024793386,1.0076499933476633
16.744,1.413248033604767,20.085109971529338,20.661157024793386,1.0461153332408069
16.772,1.4695215243773032,20.30458111493509,20.661157024793386,1.0692702219031025
16.799,1.4508286672510613,20.452991938062862,20.661157024793386,0.976534550374099
16.828,1.254307411398589,20.40099400756834,20.661157024793386,0.7344398500609249
16.856,0.938991811631053,20.238404506852767,20.661157024793386,0.43182509112717005
16.913,0.6368861353580922,20.18508406502269,20.661157024793386,0.18281965258502744
16.941,0.4664407941267781,20.42883491617006,20.661157024793386,0.062498570777614684
16.969,0.6007422681329811,20.226056337065387,20.661157024793386,0.12234781972045218
16.998,0.9037109892051075,20.081487023648926,20.661157024793386,0.392492527574477
17.026,1.2668215840313726,20.17000947036242,20.661157024793386,0.88284359221915
17.055,1.7259657562431114,20.348647429122874,20.661157024793386,1.5254938266744829
17.083,2.1203278173042985,20.39147052881161,20.661157024793386,2.0839626894088106
17.112,2.2331062281915877,20.210030248438542,20.661157024793386,2.3335421708846065
17.14,2.13192425796581,20.00953294909514,20.661157024793386,2.343849533460495
17.168,2.0984130689967544,20.09257110663354,20.661157024793386,2.298828377570626
17.224,2.1276384288860544,20.337161246990622,20.661157024793386,2.1499640706870164
17.252,1.9762315577192004,20.42664269332091,20.661157024793386,1.765563555067735
17.28,1.6258506905354535,20.299873650740548,20.661157024793386,1.239002666681622
17.308,1.272995994603185,20.131793249790082,20.661157024793386,0.7892132791730996
17.336,1.056645939195578,20.136505222950575,20.661157024793386,0.5265062828876058
17.364,0.974948642465387,20.31293158872631,20.661157024793386,0.4490526905075106
17.393,1.0265307452358354,20.474127063705602,20.661157024793386,0.5260699071666556
17.421,1.1931274525515445,20.534725088764308,20.661157024793386,0.6977777554554206
17.45,1.3527118843767867,20.46110830118272,20.661157024793386,0.8540085564539454
17.478,1.370523709877321,20.238600377181086,20.661157024793386,0.895777658486918
17.535,1.2592988459712982,20.024638147091576,20.661157024793386,0.8194987517215769
17.564,1.1441960101673039,20.061150354681338,20.661157024793386,0.6663059538670861
17.592,0.9942270949659086,20.26435887696609,20.661157024793386,0.4411677170922577
17.62,0.6840372824996798,20.31893998037889,20.661157024793386,0.18618016049056435
17.649,0.32137369912879243,19.782554923250824,20.661157024793386,0.025612584096176592
17.677,0.3846456761218262,19.90724988351455,20.661157024793386,0.06477232186662127
17.706,0.7862426783301667,20.191384548648287,20.661157024793386,0.3453995278850879
17.735,1.3014815595463287,20.343443592981767,20.661157024793386,0.8243910515053668
17.763,1.7100086022855339,20.275538977801844,20.661157024793386,1.3224170971849736
17.792,1.8549379303961968,20.04705721991762,20.661157024793386,1.6911248845655025
17.85,1.9160514160748312,20.004424924120315,20.661157024793386,1.979246616974486
17.879,2.092073059832411,20.223708302176238,20.661157024793386,2.186223939511324
17.907,2.154764206829849,20.344260058426904,20.661157024793386,2.111221390874122
17.936,1.9054969401150557,20.178486430858573,20.661157024793386,1.7094746421374
17.965,1.5421934311888437,19.96559246991943,20.661157024793386,1.2339182099265162
17.993,1.3306227925729277,20.069852685281642,20.661157024793386,0.863815461096891
18.023,1.1424711754354813,20.286255122060037,20.661157024793386,0.5596834105371207
18.051,0.8223032920331499,20.230492395917494,20.661157024793386,0.2938523604169348
18.08,0.486740998189244,19.97137053911602,20.661157024793386,0.11346113896459184
18.109,0.2683849808191989,19.813058570607087,20.661157024793386,0.02721687453933701
18.166,0.13883002288697177,18.39344926355367,18.595041322314046,0.0022960011196791735
18.195,0.17510369826981753,19.837203540115237,20.661157024793386,0.011396346086214466
18.224,0.2593285340840118,19.905991207230503,20.661157024793386,0.034941777059463226
18.253,0.32847341746644654,20.03445731530698,20.661157024793386,0.0594293576106518
18.282,0.38661784685145756,20.244293788912316,20.661157024793386,0.07215722340824839
18.311,0.3647071804949548,20.182448369135276,20.661157024793386,0.062435702899219236
18.341,0.2698816683658798,19.905633888188714,20.661157024793386,0.03721058653816589
18.37,0.18007476849781748,19.676398490774137,20.661157024793386,0.013557983768775754
18.399,0.14470407988506642,19.212354077094318,18.595041322314046,0.00679115433453655
18.428,0.2790252265059683,20.00525591057582,20.661157024793386,0.030493419354220428
18.485,0.44616894806477336,20.01607774106642,20.661157024793386,0.08679725566953024
18.515,0.5715688228908871,19.960302664292954,20.661157024793386,0.1740272767383637
18.544,0.7383916633331562,20.16076042091935,20.661157024793386,0.29285797015008547
18.572,0.9308621395285076,20.341060503170148,20.661157024793386,0.40996188324910937
18.601,1.0099988918521212,20.249261427752117,20.661157024793386,0.468459584841036
18.63,0.9576153153386862,20.015225676753627,20.661157024793386,0.4654568268197268
18.66,0.915155389446807,20.018540003493726,20.661157024793386,0.44226235090749133
18.689,0.9186422343136806,20.235736434329404,20.661157024793386,0.39654449539343023
18.719,0.824495844613105,20.2430417705501,20.661157024793386,0.3018641848993272
18.747,0.6236546487628734,19.924988772914386,20.661157024793386,0.19243389583236717
18.805,0.5236654359232291,19.816317196022354,20.661157024793386,0.12992279254529848
18.834,0.5626388043092146,19.906278470810992,20.661157024793386,0.1313030984279333
18.864,0.628252589801882,19.854532908544297,20.661157024793386,0.206209539487854
18.893,0.8495995749714274,20.13768540135881,20.661157024793386,0.3788490315976315
18.922,1.156751393343995,20.311291666704804,20.661157024793386,0.6108370402133715
18.952,1.3377878637320129,20.174085423076093,20.661157024793386,0.817074616108425
18.981,1.3904732563559656,20.000897423184036,20.661157024793386,0.9942656702772313
19.01,1.496489354732181,20.111787779295916,20.661157024793386,1.1952186722637226
19.039,1.6733399735427401,20.34847739599687,20.661157024793386,1.3645405726142399
19.068,1.725702643494143,20.402272949692993,20.661157024793386,1.363315230149146
19.128,1.5724409925135088,20.22060241822357,20.661157024793386,1.1733987571555724
19.158,1.3452403018902257,20.027271547700682,20.661157024793386,0.9262193363228353
19.188,1.1992834418247451,20.10009748189267,20.661157024793386,0.7202386662709059
19.217,1.09037631895164,20.341436410996323,20.661157024793386,0.541749006789974
19.248,0.9105637405025023,20.45721332882919,20.661157024793386,0.36356976077592346
19.278,0.6730029637468673,20.343680368014482,20.661157024793386,0.20845872840082083
19.308,0.4631818389514405,20.104726085624403,20.661157024793386,0.10597668069489839
19.339,0.33568107661340985,20.002485574450564,20.661157024793386,0.05379968543790347
19.369,0.2755118139733128,20.133317554627457,20.661157024793386,0.03140167402406593
19.399,0.24502112897640577,20.051602158587343,20.661157024793386,0.024338151201334576
19.459,0.24948303765045612,19.902855426281622,20.661157024793386,0.032065358396242215
19.49,0.33583951242850824,20.18193466705262,20.661157024793386,0.06048615710076655
19.52,0.4741191595896838,20.384811810901837,20.661157024793386,0.10628455429151185
19.55,0.5811896386975101,20.317081575856506,20.661157024793386,0.15236765166181931
19.58,0.6219692955727262,20.117853722217706,20.661157024793386,0.18536665700495433
19.61,0.6331305072297125,20.059286190436758,20.661157024793386,0.2070463802032207
19.64,0.6551923866844666,20.241948271598798,20.661157024793386,0.2210247396275542
19.67,0.6758860548039236,20.50325296589118,20.661157024793386,0.22684692422306243
19.7,0.6961492520251121,20.67948484419932,20.661157024793386,0.23650853406685737
19.729,0.7724657758435659,20.68291094439915,20.661157024793386,0.28075262818766483
19.789,0.9410963015639986,20.502601251689818,20.661157024793386,0.39119061740423805
19.82,1.1514453259879927,20.23107478208992,20.661157024793386,0.5881715220491778
19.85,1.3516482405939418,20.053747946536117,20.661157024793386,0.9071027491193676
19.881,1.6183785652083038,20.133122373506023,20.661157024793386,1.4129162560910002
19.912,2.0344194309402037,20.33463889423511,20.661157024793386,2.0843320772454947
19.942,2.4253168855372307,20.383334247854616,20.661157024793386,2.6940480585374784
19.972,2.5505355116536017,20.186940153384914,20.661157024793386,3.0299048640859234
20.002,2.4879606135740415,19.987435879150663,20.661157024793386,3.2267800603199714
20.033,2.590788392951956,20.101708492017757,20.661157024793386,3.513820651034904
20.064,2.816510834140592,20.316718866582228,20.661157024793386,3.7065795766332053
20.125,2.7731733650951473,20.275586152495777,20.661157024793386,3.4758083197339893
20.155,2.4429790524365043,20.030729366993857,20.661157024793386,2.975066921325349
20.185,2.2283558458179,20.00521140148911,20.661157024793386,2.6146380599681187
20.215,2.256145381878001,20.252752978453245,20.661157024793386,2.418587166998831
20.246,2.188485723103583,20.344041607426238,20.661157024793386,2.1297152676946367
20.277,1.9097239949939822,20.156742895920768,20.661157024793386,1.7219020931960012
20.308,1.6417611210583858,20.003463841240645,20.661157024793386,1.3946306615320199
20.34,1.560754103263454,20.16835333258157,20.661157024793386,1.2273861537039696
20.37,1.5469199281056065,20.41910628992804,20.661157024793386,1.1161998037966572
20.401,1.459293995504529,20.478876987884536,20.661157024793386,0.9671157624356773
20.463,1.3068451176194347,20.329916886499078,20.661157024793386,0.7951886588609409
20.494,1.1664807384287756,20.12892298200276,20.661157024793386,0.6635488696707813
20.524,1.0964319596007615,20.09849971883115,20.661157024793386,0.606246587453474
20.555,1.1008899208444352,20.276522002494648,20.661157024793386,0.6074856032078263
20.585,1.1331787323565168,20.478877051439394,20.661157024793386,0.6204664659543124
20.616,1.1373923670842052,20.548340881004844,20.661157024793386,0.6040286296277073
20.644,1.0961912504623408,20.44268379287446,20.661157024793386,0.5549403478715507
20.674,1.0394567337780396,20.22445807115208,20.661157024793386,0.5092583775701576
20.702,1.0182987840199638,20.080369293369955,20.661157024793386,0.5169622554924259
20.731,1.0871716363239678,20.171489985721816,20.661157024793386,0.6152514756250299
20.789,1.2718152831752112,20.3649873264465,20.661157024793386,0.8014606609952895
20.818,1.4947772181514534,20.405385258606255,20.661157024793386,1.015388290610734
20.847,1.6199318269699847,20.19956342786171,20.661157024793386,1.2005636755216347
20.876,1.658302004099482,19.98506043961067,20.661157024793386,1.4237491686864996
20.905,1.8465672244156148,20.09796986297468,20.661157024793386,1.8115250959174019
20.934,2.202577907185018,20.306607008973135,20.661157024793386,2.283292276415414
20.964,2.397003126643953,20.246464279007203,20.661157024793386,2.5875445528912406
20.993,2.3343418199667485,20.006122877138417,20.661157024793386,2.731401820907214
21.022,2.359627600796554,20.020312129990288,20.661157024793386,2.9838144105264677
21.052,2.6217635132988235,20.26003669598823,20.661157024793386,3.308618405647027
21.109,2.7212288322896865,20.29408687850858,20.661157024793386,3.330159478690401
21.138,2.477272944446027,20.06109449409782,20.661157024793386,2.9966952919118035
21.167,2.2347685594488698,19.96344494780673,20.661157024793386,2.6538561694782543
21.196,2.227523842373394,20.17476950559849,20.661157024793386,2.3804284091963117
21.225,2.0887408789916813,20.252109685128687,20.661157024793386,1.9305429733526123
21.253,1.6544021945327565,19.993274881271873,20.661157024793386,1.3327223069873446
21.282,1.314893438025443,19.844806199250414,20.661157024793386,0.8742449552688486
21.311,1.2304349389486244,19.95443439825952,20.661157024793386,0.6385462719227082
21.34,1.1322350892321682,19.763840700112244,20.661157024793386,0.6204783825086057
21.369,1.347096343595454,19.970910488273457,20.661157024793386,0.9170906249145423
21.426,1.802725913173185,20.16249537717663,20.661157024793386,1.4375609709742225
21.456,2.0226904935424015,19.99995470918394,20.661157024793386,1.9711376012503363
21.485,2.1620254107104766,19.980281229558457,20.661157024793386,2.5498309203073486
21.514,2.500840559344986,20.228292464509817,20.661157024793386,3.1424649162135094
21.543,2.716460593152789,20.33927966678444,20.661157024793386,3.366856868989393
21.572,2.5382591425321577,20.168998095066875,20.661157024793386,3.04771760596613
21.601,2.201823274442927,19.99212033381181,20.661157024793386,2.5170490103933423
21.63,2.0258058902053526,20.121836361286412,20.661157024793386,2.0615169236507
21.659,1.8910589058130864,20.376545664462608,20.661157024793386,1.6269529322515364
21.688,1.6076877305651294,20.45554206327849,20.661157024793386,1.150081566897339
21.745,1.2537520872721284,20.331874052071488,20.661157024793386,0.7323816770017804
21.774,0.9903818527021215,20.15548789762317,20.661157024793386,0.47240796181747113
21.803,0.8677417516954579,20.119472504816677,20.661157024793386,0.3668646816896895
21.832,0.8518265349214331,20.266188388964167,20.661157024793386,0.36023224461858205
21.861,0.8946119535298828,20.440063453879173,20.661157024793386,0.38877651575725836
21.89,0.918007125152264,20.485655485450742,20.661157024793386,0.3931367680991289
21.919,0.8556865296046903,20.34847272877721,20.661157024793386,0.34448815783550957
21.948,0.7245491018230102,20.131264224520212,20.661157024793386,0.2607661815950671
21.978,0.5951934992610741,20.061625113632502,20.661157024793386,0.17545704997306005
22.007,0.48653596776328956,20.240724847333976,20.661157024793386,0.10586507374002271
22.065,0.38321138320432946,20.561838732833195,20.661157024793386,0.06138351618513868
22.094,0.3338414047562981,20.7461742993302,20.661157024793386,0.052480873145563864
22.123,0.3918619343971003,20.645792025591188,20.661157024793386,0.07889394079523776
22.152,0.49706493088556425,20.527583426898616,20.661157024793386,0.11998054562157116
22.181,0.5502841605873817,20.33268614246392,20.661157024793386,0.14390431611131257
22.211,0.5128637120099759,20.056122933367963,20.661157024793386,0.13489443605020698
22.24,0.44490668511313125,19.93789308206856,20.661157024793386,0.10260377326651943
22.269,0.38321136098881864,19.99025867143232,20.661157024793386,0.062412195547359356
22.298,0.3003085847375564,19.62145073919162,20.661157024793386,0.0375129327660483
22.327,0.37846136152149285,19.862693857619313,20.661157024793386,0.06308018374700472
22.385,0.5944929444616598,20.07336004613965,20.661157024793386,0.14893594370882807
22.415,0.7496428464272834,19.957739376133848,20.661157024793386,0.27987072544794517
22.444,0.9051198734484917,20.057848977983625,20.661157024793386,0.4513460032719263
22.473,1.1194006502208549,20.299374454807577,20.661157024793386,0.6245335549515096
22.502,1.2362272629229247,20.34930742138665,20.661157024793386,0.7027734745748185
22.532,1.1602595639351623,20.157740773830803,20.661157024793386,0.6469559144887882
22.561,1.0054549947558113,20.002612897197046,20.661157024793386,0.524319767636619
22.59,0.8964664202719861,20.14350889965918,20.661157024793386,0.3963160407192316
22.62,0.7785575615911696,20.43464531602634,20.661157024793386,0.27158435444062834
22.649,0.615951490128987,20.68380961649079,20.661157024793386,0.16804699122015718
22.708,0.5207345972932459,20.789085747611757,20.661157024793386,0.1232073437755338
22.737,0.5954150009107544,20.543318728962966,20.661157024793386,0.15420808763160823
22.766,0.7492987717978551,20.199652919839778,20.661157024793386,0.250840579257538
22.795,0.8917832565105789,20.02346088909217,20.661157024793386,0.4079183684741113
22.825,1.0869219356386792,20.141578214636965,20.661157024793386,0.6381141323727961
22.854,1.3629397467164122,20.34133076306679,20.661157024793386,0.9049367723923989
22.883,1.553757162648046,20.33033466075713,20.661157024793386,1.0953722961271848
22.913,1.5505142766068183,20.104869432441614,20.661157024793386,1.1583829222592126
22.943,1.4898451194572722,19.995696575661697,20.661157024793386,1.1770541615976988
22.973,1.5358558355229708,20.189059887053126,20.661157024793386,1.1952853399473051
23.032,1.5586972458636406,20.381758356042347,20.661157024793386,1.1186327191140626
23.062,1.3918930981549187,20.3251059593607,20.661157024793386,0.8888178756377851
23.092,1.0975085276251866,20.101769550140084,20.661157024793386,0.5973793102013062
23.121,0.843076844704981,20.016100795946848,20.661157024793386,0.3533882097466558
23.151,0.647435429951839,20.21269219471821,20.661157024793386,0.17953914401407792
23.181,0.4366415713020679,20.60078760047401,20.661157024793386,0.06943271007603197
23.21,0.28738306329382907,21.072461672655653,20.661157024793386,0.033441170452893076
23.24,0.38121971771011276,20.637016318100066,20.661157024793386,0.07615364410520759
23.269,0.6143360468611039,20.447471452521324,20.661157024793386,0.1783439478319137
23.299,0.8160758188789814,20.247591017990388,20.661157024793386,0.2993208085239067
23.359,0.9132825521048402,19.99860102890491,20.661157024793386,0.41870651460792313
23.388,1.0217403334556585,20.029145510914965,20.661157024793386,0.5665433019478222
23.418,1.2375359680030484,20.260141253717652,20.661157024793386,0.7419840364698292
23.448,1.3919916388327243,20.275276860083075,20.661157024793386,0.8680356467778234
23.477,1.3801383996656678,20.05181879600026,20.661157024793386,0.9243336510672995
23.507,1.3661660166488778,20.003647889045354,20.661157024793386,1.000554367606644
23.537,1.4939725113959748,20.249469879481477,20.661157024793386,1.1261928812554518
23.566,1.612939076364388,20.418904336245543,20.661157024793386,1.1991094663409045
23.596,1.5876953150439548,20.33512039039367,20.661157024793386,1.1511416040140054
23.626,1.4763080695712658,20.129930774423055,20.661157024793386,1.053381647929451
23.685,1.4137338558545214,20.076107303497444,20.661157024793386,1.0193964274966922
23.715,1.4587971873825343,20.254351321539804,20.661157024793386,1.0854886322296844
23.745,1.5597363127529906,20.462268011865348,20.661157024793386,1.1904771994065144
23.775,1.6155148364278533,20.525259168089075,20.661157024793386,1.2269935512850352
23.804,1.546210981355814,20.40798936109564,20.661157024793386,1.1248599732066846
23.834,1.3583786199617778,20.196536948298903,20.661157024793386,0.9058477656117961
23.865,1.13642527707884,20.073343832971947,20.661157024793386,0.6426146788918948
23.895,0.9230781115431417,20.156902303343852,20.661157024793386,0.38741523729624433
23.925,0.6888023835855882,20.409419621904906,20.661157024793386,0.1810540129995074
23.956,0.507140451048788,20.728994736705236,20.661157024793386,0.08564152256175588
24.016,0.5819560251716751,20.49081332931058,20.661157024793386,0.1559389784818947
24.046,0.8594111799546608,20.408280541989257,20.661157024793386,0.40582156355911614
24.076,1.2185928698168935,20.48748258371394,20.661157024793386,0.7973880775490115
24.107,1.5711205633342176,20.541383475689376,20.661157024793386,1.217311794069537
24.137,1.7959916660299695,20.46703520955126,20.661157024793386,1.507824082962684
24.167,1.8345872182526544,20.27269145540377,20.661157024793386,1.5901286537859554
24.198,1.753468583054436,20.09775626980771,20.661157024793386,1.5243451696423456
24.229,1.6692390359741507,20.113162851785056,20.661157024793386,1.4062884724316067
24.259,1.6049149703210308,20.308818377461087,20.661157024793386,1.2566061699176623
24.29,1.494067141705381,20.523602205149896,20.661157024793386,1.050654993783321
24.352,1.3085248522538757,20.651528531392337,20.661157024793386,0.8035957089249539
24.383,1.097632780450334,20.683152572335953,20.661157024793386,0.5763986221761301
24.413,0.935261584269191,20.63508055545586,20.661157024793386,0.42040161252122094
24.444,0.8590793081295438,20.50592314309311,20.661157024793386,0.34557813174120644
24.474,0.8502173256241123,20.31849540913191,20.661157024793386,0.3320388834474566
24.505,0.8670573118530146,20.158948737912297,20.661157024793386,0.35449494380933316
24.536,0.8915604018713776,20.13157350453948,20.661157024793386,0.39545478556609465
24.567,0.9301751629286367,20.260247411192942,20.661157024793386,0.4388438833024511
24.598,0.9668069692533227,20.436699349687718,20.661157024793386,0.45682685919322663
24.63,0.9477383097237974,20.513517255479353,20.661157024793386,0.41976258490746277
24.692,0.8376840656123217,20.410374089794146,20.661157024793386,0.32846495291574396
24.723,0.6697707767114248,20.173774826538406,20.661157024793386,0.22126129298356392
24.754,0.5226654911589853,20.022087924687085,20.661157024793386,0.13729699266361464
24.785,0.4325679413332453,20.156573756601897,20.661157024793386,0.08621818767182085
24.816,0.3707226910104762,20.396160122159465,20.661157024793386,0.0584197254092817
24.848,0.330979676093215,20.408228343035105,20.661157024793386,0.04618566625622028
24.879,0.33815941871653077,20.166805678347792,20.661157024793386,0.05013343568508507
24.91,0.4013046205232161,20.054152926696307,20.661157024793386,0.08116157721565072
24.941,0.5452935381842989,20.219853595176073,20.661157024793386,0.16168733336437882
24.972,0.7879877229506765,20.394709158263254,20.661157024793386,0.30683986533898755
25.033,1.0455446170781415,20.371544751005263,20.661157024793386,0.4915838099172704
25.065,1.2005487397820709,20.152515420617195,20.661157024793386,0.6699580591140605
25.096,1.2671281574554156,20.000518431466382,20.661157024793386,0.8413471747064406
25.127,1.3869641128092596,20.138160846989486,20.661157024793386,1.015859300610793
25.158,1.5245527705308068,20.34359761115647,20.661157024793386,1.1057128317287477
25.189,1.4781221255776178,20.31951309742808,20.661157024793386,1.0006421735325
25.22,1.2275365716319486,20.074039100137718,20.661157024793386,0.74835444410145
25.252,0.9774870714942241,19.946037654672793,20.661157024793386,0.4911767859146709
25.282,0.808064864049747,20.09470166956344,20.661157024793386,0.28490257208950315
25.314,0.5768172725342164,20.021113234923156,20.661157024793386,0.13035326269792724
25.376,0.36813706322477474,19.52093953799326,20.661157024793386,0.05759790421117886
25.407,0.4173040666438043,19.81102366895351,20.661157024793386,0.07192576095298164
25.438,0.514637350721168,19.86616190604092,20.661157024793386,0.13731653610135416
25.469,0.6381745936918594,20.069760889706316,20.661157024793386,0.2218289477358244
25.5,0.7648654016426585,20.286521600541256,20.661157024793386,0.2791551227273218
25.531,0.747446402383913,20.208912287883724,20.661157024793386,0.26256413638955156
25.563,0.6007086330950339,19.973882323949027,20.661157024793386,0.18615636198010643
25.595,0.4491219271215214,19.93181615028692,20.661157024793386,0.0958472389026834
25.626,0.28935321286044463,19.784736208241704,20.661157024793386,0.025065858341112204
25.658,0.2479401663236901,19.00560817916863,18.595041322314046,0.011915003066927174
25.721,0.46384065967442795,19.88316641568078,20.661157024793386,0.08881147770575949
25.752,0.7072141171033638,19.99371957972756,20.661157024793386,0.27410039767216166
25.784,1.041613662473288,20.222974038420038,20.661157024793386,0.5697985645271875
25.815,1.3913886326958866,20.328060568070757,20.661157024793386,0.892613658634878
25.847,1.5512833723509596,20.1637120045416,20.661157024793386,1.1169277462637304
25.878,1.5468240598266123,19.98050147765491,20.661157024793386,1.249868472953309
25.91,1.6132503233338942,20.10556795108409,20.661157024793386,1.3689730088652299
25.941,1.7296580716720469,20.33655233140398,20.661157024793386,1.4102163314951264
25.973,1.6703853406644091,20.337615963549617,20.661157024793386,1.263998037279218
26.005,1.4315622055760355,20.12088232723656,20.661157024793386,0.9960385374368154
26.067,1.2159364790834293,20.01283601790477,20.661157024793386,0.7632190242965212
26.099,1.1236427049096727,20.20934075781651,20.661157024793386,0.6148007215472967
26.13,1.0549389955204527,20.445799369921954,20.661157024793386,0.5048026847780251
26.162,0.9487309356818823,20.472993375566343,20.661157024793386,0.40439753448717225
26.193,0.8364191690638915,20.285466491847636,20.661157024793386,0.32599847355178174
26.225,0.7619392177542388,20.078099074214887,20.661157024793386,0.2888857088363839
26.256,0.7571337505949822,20.109755885667465,20.661157024793386,0.2975666851796111
26.287,0.8198989566433167,20.32051555241907,20.661157024793386,0.3329786821827832
26.319,0.8796670229965977,20.425289511507433,20.661157024793386,0.35648828149808937
26.351,0.8614350160313103,20.285821395314525,20.661157024793386,0.342456532524405
26.414,0.7794028330235419,20.044294361562635,20.661157024793386,0.3063380204963074
26.445,0.7277369155536176,20.040999416660785,20.661157024793386,0.27698208735830354
26.476,0.7248631311291813,20.272568098975242,20.661157024793386,0.25102229563105133
26.507,0.6780898137369962,20.3803844104191,20.661157024793386,0.20586791830553597
26.539,0.55231694870814,20.219547337826718,20.661157024793386,0.1433697553002049
26.57,0.41227961800019963,19.99641283200618,20.661157024793386,0.08660406160824848
26.601,0.3162295727339757,20.030326988933915,20.661157024793386,0.04664215939289812
26.632,0.2281404285127473,20.19328118196411,20.661157024793386,0.019748653099100653
26.664,0.12264417766886541,19.84117904711785,20.661157024793386,0.004489041159001825
26.696,0.09119244371686143,19.266106167424024,18.595041322314046,0.00224339600995571
26.76,0.1522776641067055,19.918056119963893,20.661157024793386,0.01082407047582728
26.792,0.21970131747288174,20.11183907478195,20.661157024793386,0.02701499761004313
26.825,0.29950030413797457,20.36101130482293,20.661157024793386,0.047622216922167226
26.857,0.37228434166659996,20.495778512081102,20.661157024793386,0.06664302617961357
26.889,0.4142930963279339,20.437196270217957,20.661157024793386,0.07869512565247996
26.922,0.4290053449676217,20.249844855021152,20.661157024793386,0.08514030389996255
26.954,0.43854107392368863,20.1042444821993,20.661157024793386,0.0933638549038817
26.985,0.46517092439288504,20.151525320598374,20.661157024793386,0.11082673642392679
27.017,0.5193591464200914,20.34296588447531,20.661157024793386,0.13936888361366132
27.049,0.5895998156872937,20.5080905874182,20.661157024793386,0.1719545899826919
27.112,0.644778304465908,20.529189408592984,20.661157024793386,0.19543219564701875
27.144,0.6585008458032201,20.382639846415284,20.661157024793386,0.20128934706142643
27.175,0.6351810114461631,20.161087054555423,20.661157024793386,0.19480360081240708
27.207,0.6108267482808883,20.070267900879436,20.661157024793386,0.18969432418450613
27.239,0.6160961595462261,20.213377280979913,20.661157024793386,0.1928606497864076
27.271,0.6391701392436672,20.424828284625402,20.661157024793386,0.19735952111805002
27.303,0.6433648458518659,20.4944054008872,20.661157024793386,0.1909529838024919
27.335,0.6055945061596046,20.34522905012129,20.661157024793386,0.1701652083802105
27.368,0.5395785074119316,20.08686437288995,20.661157024793386,0.14525173426080693
27.4,0.4972204809771903,20.02387821678792,20.661157024793386,0.12910300700002833
27.463,0.5029224088727847,20.21996879445833,20.661157024793386,0.12113191502064341
27.495,0.49921011947184113,20.29502972888127,20.661157024793386,0.10997813463875086
27.527,0.4464453210116964,20.060549850809135,20.661157024793386,0.09469953809530401
27.558,0.4066804599110594,19.934504016525835,20.661157024793386,0.08840987148185035
27.591,0.440899806722781,20.176371087572694,20.661157024793386,0.09449169781527275
27.623,0.47112773823186715,20.269386395631663,20.661157024793386,0.09910568267971584
27.654,0.44236587677076106,20.072337768447113,20.661157024793386,0.09440918851858794
27.687,0.4042457758830094,19.986960421701525,20.661157024793386,0.08666510381920384
27.718,0.39570713545864467,20.209099975422177,20.661157024793386,0.07778001853416835
27.75,0.36785782399904216,20.42890083479599,20.661157024793386,0.06161670885415757
27.814,0.29151304662016364,20.463851299921437,20.661157024793386,0.0388758776953353
27.846,0.197610241020019,20.43218729794997,20.661157024793386,0.018546869794528548
27.878,0.1303108728459779,20.57692227270459,20.661157024793386,0.0072593112244256726
27.91,0.12501973696001017,20.61569190047649,20.661157024793386,0.005844069817926214
27.942,0.17048829309833968,20.312047270957382,20.661157024793386,0.011903087063342236
27.974,0.22113550991880304,20.137859441078977,20.661157024793386,0.022199768342168757
28.006,0.26471212686472756,20.122461314409698,20.661157024793386,0.035098395259876826
28.039,0.3118704946083197,20.267878452194395,20.661157024793386,0.05126623907053686
28.07,0.370781256856599,20.462203631780266,20.661157024793386,0.07148911676696174
28.102,0.43690199063127266,20.5739081214118,20.661157024793386,0.09415241762849691
28.166,0.49532799945771455,20.536472070818743,20.661157024793386,0.11481422127156457
28.198,0.5285528949594667,20.355874183193325,20.661157024793386,0.12916357450625557
28.23,0.5332611808928168,20.13958771845685,20.661157024793386,0.13752416504658435
28.262,0.530733809773462,20.078487274184607,20.661157024793386,0.14397865225657602
28.294,0.540237640547575,20.23623295568115,20.661157024793386,0.14838608776450393
28.326,0.5440575365300742,20.456790344830324,20.661157024793386,0.1434461332190871
28.359,0.5141751512347511,20.583868512547877,20.661157024793386,0.12435280798353901
28.391,0.454895212956419,20.58099753667224,20.661157024793386,0.0973129803927289
28.424,0.39889155650486835,20.47466379063732,20.661157024793386,0.07443752498330496
28.456,0.37280954040417214,20.297424400434753,20.661157024793386,0.06386860844732205
28.521,0.3759586217473014,20.139160804969773,20.661157024793386,0.06711278858322921
28.554,0.3999777204003902,20.13662496114661,20.661157024793386,0.0818526830312038
28.586,0.4464921534575568,20.287644230744736,20.661157024793386,0.10217991410630892
28.618,0.4943168413659161,20.412629277070106,20.661157024793386,0.11597972235834063
28.651,0.4926793952042429,20.321307503912028,20.661157024793386,0.11162972766792782
28.683,0.43070165341385513,20.02673210590259,20.661157024793386,0.09332624746468668
28.716,0.38601117564121734,19.92170439629943,20.661157024793386,0.07746901923623221
28.748,0.40125540558968814,20.079444509052745,20.661157024793386,0.07066908030685387
28.781,0.40021412513653337,19.927815766545148,20.661157024793386,0.07318064629731032
28.814,0.42698170405337943,19.892183148412663,20.661157024793386,0.09834783015593669
28.879,0.5684960635187344,20.169997269526664,20.661157024793386,0.15246541380289627
28.912,0.6924051741794135,20.145756950381703,20.661157024793386,0.21412940353103765
28.945,0.7309113636713735,19.944209702698796,20.661157024793386,0.27515829671105974
28.978,0.8133770119788578,20.04681618034776,20.661157024793386,0.3540068022370104
29.011,0.960231637647132,20.2604533067513,20.661157024793386,0.4307402589921256
29.043,1.0005832728070216,20.175113440564672,20.661157024793386,0.45639020945857334
29.076,0.9288722452524689,19.946084516201115,20.661157024793386,0.44747579190282816
29.109,0.9330261809223543,20.047578041853345,20.661157024793386,0.45466725891074355
29.141,0.9971584192571398,20.278806033339663,20.661157024793386,0.4568323860461409
29.175,0.9479475523185568,20.22682497853277,20.661157024793386,0.4080553107675012
29.24,0.8103294806530329,20.030726967572566,20.661157024793386,0.32901112839960817
29.273,0.7176283863835656,20.09001647536187,20.661157024793386,0.2631593604438878
29.305,0.6824200209922874,20.40617814961021,20.661157024793386,0.22540577320714278
29.338,0.6990468451670275,20.657962767914047,20.661157024793386,0.23660032405951448
29.371,0.850205022945108,20.641929711671448,20.661157024793386,0.33893550483692503
29.404,1.1203669401654193,20.438319622212802,20.661157024793386,0.5526318475946463
29.438,1.3707622392607353,20.16494454040928,20.661157024793386,0.858067411194429
29.471,1.5553396824505654,20.020150424252265,20.661157024793386,1.2550684257087354
29.504,1.8083499409999904,20.154141271564235,20.661157024793386,1.7515597898251067
29.537,2.126747153331698,20.358117352196494,20.661157024793386,2.1987488910324853
29.603,2.254286522253553,20.35809188967539,20.661157024793386,2.327908944190903
29.636,2.0810869451654463,20.1378443888486,20.661157024793386,2.0969644641086718
29.668,1.8257667788579977,19.989663023223176,20.661157024793386,1.7443038372509811
29.701,1.6975920602694459,20.147742783731424,20.661157024793386,1.4167793438933551
29.734,1.5437774541039246,20.355304961162002,20.661157024793386,1.0564467038542562
29.767,1.2157643731651782,20.317743621993326,20.661157024793386,0.6583783752494864
29.8,0.8291357297304901,20.08105161096937,20.661157024793386,0.33569482773713805
29.834,0.5585229740947354,19.970350682669626,20.661157024793386,0.14799454336564205
29.867,0.38967375513298746,20.15227606973447,20.661157024793386,0.05830980925087472
29.9,0.2342908313229269,20.31013509703428,20.661157024793386,0.018553963276832994
29.967,0.10498071878547471,20.20773992850332,20.661157024793386,0.0039436194382236256
